{"cameraMode":{"drawMode":0,"name":"Shaded","section":"Shading Mode"},"sceneLighting":true,"audioPlay":false,"sceneViewState":{"showFog":true,"showMaterialUpdate":false,"showSkybox":true,"showFlares":true,"showImageEffects":true,"showParticleSystems":true},"in2DMode":false,"pivot":{"x":450.3249816894531,"y":17.728614807128908,"z":753.0595703125},"rotation":{"x":0.0675891786813736,"y":0.5744791626930237,"z":-0.04768429324030876,"w":0.8143571615219116},"size":12.735685348510743,"orthographic":false}