{"cameraMode":{"drawMode":0,"name":"Shaded","section":"Shading Mode"},"sceneLighting":false,"audioPlay":false,"sceneViewState":{"showFog":true,"showMaterialUpdate":false,"showSkybox":false,"showFlares":true,"showImageEffects":true,"showParticleSystems":true},"in2DMode":false,"pivot":{"x":2314.138671875,"y":1131.1700439453125,"z":-1452.9307861328125},"rotation":{"x":-0.09014838933944702,"y":0.2128479927778244,"z":-0.019683439284563066,"w":-0.9727713465690613},"size":103.73552703857422,"orthographic":false}