{"cameraMode":{"drawMode":0,"name":"Shaded","section":"Shading Mode"},"sceneLighting":true,"audioPlay":false,"sceneViewState":{"showFog":true,"showMaterialUpdate":false,"showSkybox":true,"showFlares":true,"showImageEffects":true,"showParticleSystems":true},"in2DMode":false,"pivot":{"x":476.9122009277344,"y":68.75959777832031,"z":808.8106689453125},"rotation":{"x":0.016601908951997758,"y":0.9781392216682434,"z":-0.0856144055724144,"w":0.18962959945201875},"size":32.213043212890628,"orthographic":false}