{"cameraMode":{"drawMode":0,"name":"Shaded","section":"Shading Mode"},"sceneLighting":true,"audioPlay":false,"sceneViewState":{"showFog":true,"showMaterialUpdate":false,"showSkybox":true,"showFlares":true,"showImageEffects":true,"showParticleSystems":true},"in2DMode":false,"pivot":{"x":1693.4278564453125,"y":5.828299045562744,"z":-787.888916015625},"rotation":{"x":-0.0720580667257309,"y":0.07453645020723343,"z":-0.005342843942344189,"w":-0.9947755932807922},"size":12.388805389404297,"orthographic":false}