{"cameraMode":{"drawMode":0,"name":"Shaded","section":"Shading Mode"},"sceneLighting":false,"audioPlay":false,"sceneViewState":{"showFog":true,"showMaterialUpdate":false,"showSkybox":false,"showFlares":true,"showImageEffects":true,"showParticleSystems":true},"in2DMode":false,"pivot":{"x":6011.2001953125,"y":1300.4000244140625,"z":1639.0999755859375},"rotation":{"x":0.25583741068840029,"y":-0.7117790579795837,"z":0.31860634684562685,"w":0.5714418292045593},"size":889.5765991210938,"orthographic":false}