{"cameraMode":{"drawMode":0,"name":"Shaded","section":"Shading Mode"},"sceneLighting":false,"audioPlay":false,"sceneViewState":{"showFog":true,"showMaterialUpdate":false,"showSkybox":false,"showFlares":true,"showImageEffects":true,"showParticleSystems":true},"in2DMode":false,"pivot":{"x":-757.1220092773438,"y":754.66748046875,"z":476.85888671875},"rotation":{"x":-0.0806744396686554,"y":0.39335277676582339,"z":-0.03462357446551323,"w":-0.915244460105896},"size":187.0922393798828,"orthographic":false}