{"cameraMode":{"drawMode":0,"name":"Shaded","section":"Shading Mode"},"sceneLighting":false,"audioPlay":false,"sceneViewState":{"showFog":true,"showMaterialUpdate":false,"showSkybox":false,"showFlares":true,"showImageEffects":true,"showParticleSystems":true},"in2DMode":false,"pivot":{"x":0.0,"y":2.649268627166748,"z":1.0858306884765626},"rotation":{"x":0.12420734763145447,"y":0.2664715051651001,"z":-0.03466026484966278,"w":0.9552054405212402},"size":46.61518478393555,"orthographic":false}