{"cameraMode":{"drawMode":0,"name":"Shaded","section":"Shading Mode"},"sceneLighting":true,"audioPlay":false,"sceneViewState":{"showFog":true,"showMaterialUpdate":false,"showSkybox":true,"showFlares":true,"showImageEffects":true,"showParticleSystems":true},"in2DMode":false,"pivot":{"x":432.64471435546877,"y":17.754179000854493,"z":753.6947631835938},"rotation":{"x":-0.009435637854039669,"y":0.7304475903511047,"z":-0.010082719847559929,"w":-0.6828884482383728},"size":14.577691078186036,"orthographic":false}