{"cameraMode":{"drawMode":0,"name":"Shaded","section":"Shading Mode"},"sceneLighting":true,"audioPlay":false,"sceneViewState":{"showFog":true,"showMaterialUpdate":false,"showSkybox":true,"showFlares":true,"showImageEffects":true,"showParticleSystems":true},"in2DMode":false,"pivot":{"x":413.7086181640625,"y":416.3773193359375,"z":1113.00439453125},"rotation":{"x":0.0620262436568737,"y":0.035330649465322497,"z":0.00229862448759377,"w":-0.9975476861000061},"size":1809.533203125,"orthographic":false}