{"cameraMode":{"drawMode":0,"name":"Shaded","section":"Shading Mode"},"sceneLighting":false,"audioPlay":false,"sceneViewState":{"showFog":true,"showMaterialUpdate":false,"showSkybox":false,"showFlares":true,"showImageEffects":true,"showParticleSystems":true},"in2DMode":false,"pivot":{"x":414.74365234375,"y":3.7836012840270998,"z":930.5414428710938},"rotation":{"x":-0.017512941733002664,"y":-0.9602688550949097,"z":0.062359921634197238,"w":-0.2720770537853241},"size":2.0942277908325197,"orthographic":false}