{"cameraMode":{"drawMode":0,"name":"Shaded","section":"Shading Mode"},"sceneLighting":true,"audioPlay":false,"sceneViewState":{"showFog":true,"showMaterialUpdate":false,"showSkybox":true,"showFlares":true,"showImageEffects":true,"showParticleSystems":true},"in2DMode":false,"pivot":{"x":428.6295166015625,"y":24.26866912841797,"z":746.7921142578125},"rotation":{"x":0.09771595150232315,"y":0.4725927412509918,"z":-0.05283006280660629,"w":0.874290943145752},"size":22.143238067626954,"orthographic":false}