{"cameraMode":{"drawMode":0,"name":"Shaded","section":"Shading Mode"},"sceneLighting":true,"audioPlay":false,"sceneViewState":{"showFog":true,"showMaterialUpdate":false,"showSkybox":true,"showFlares":true,"showImageEffects":true,"showParticleSystems":true},"in2DMode":false,"pivot":{"x":441.8124084472656,"y":15.395029067993164,"z":756.7490844726563},"rotation":{"x":0.19786973297595979,"y":0.07721855491399765,"z":-0.015643885359168054,"w":0.9770799279212952},"size":12.735685348510743,"orthographic":false}