{"cameraMode":{"drawMode":0,"name":"Shaded","section":"Shading Mode"},"sceneLighting":true,"audioPlay":false,"sceneViewState":{"showFog":true,"showMaterialUpdate":false,"showSkybox":true,"showFlares":true,"showImageEffects":true,"showParticleSystems":true},"in2DMode":false,"pivot":{"x":451.8279113769531,"y":5.577542781829834,"z":849.2557373046875},"rotation":{"x":0.06502893567085266,"y":0.9336026310920715,"z":-0.2753603756427765,"w":0.22056837379932404},"size":32.213043212890628,"orthographic":false}