{"cameraMode":{"drawMode":0,"name":"Shaded","section":"Shading Mode"},"sceneLighting":false,"audioPlay":false,"sceneViewState":{"showFog":true,"showMaterialUpdate":false,"showSkybox":false,"showFlares":true,"showImageEffects":true,"showParticleSystems":true},"in2DMode":false,"pivot":{"x":415.6784973144531,"y":7.01434850692749,"z":931.7457275390625},"rotation":{"x":0.19222599267959596,"y":-0.37277305126190188,"z":0.07914672046899796,"w":0.9044048190116882},"size":12.275409698486329,"orthographic":false}