{"cameraMode":{"drawMode":0,"name":"Shaded","section":"Shading Mode"},"sceneLighting":true,"audioPlay":false,"sceneViewState":{"showFog":true,"showMaterialUpdate":false,"showSkybox":true,"showFlares":true,"showImageEffects":true,"showParticleSystems":true},"in2DMode":false,"pivot":{"x":1705.25244140625,"y":21.798847198486329,"z":-816.4779663085938},"rotation":{"x":-0.1298058182001114,"y":0.0992836281657219,"z":-0.013015013188123703,"w":-0.9866507649421692},"size":16.859453201293947,"orthographic":false}