{"cameraMode":{"drawMode":0,"name":"Shaded","section":"Shading Mode"},"sceneLighting":true,"audioPlay":false,"sceneViewState":{"showFog":true,"showMaterialUpdate":false,"showSkybox":true,"showFlares":true,"showImageEffects":true,"showParticleSystems":true},"in2DMode":false,"pivot":{"x":181.51609802246095,"y":677.0558471679688,"z":1570.6104736328125},"rotation":{"x":-0.14871729910373689,"y":0.6390329003334045,"z":-0.127864807844162,"w":-0.7438234686851502},"size":458.6134033203125,"orthographic":false}