{"cameraMode":{"drawMode":0,"name":"Shaded","section":"Shading Mode"},"sceneLighting":true,"audioPlay":false,"sceneViewState":{"showFog":true,"showMaterialUpdate":false,"showSkybox":true,"showFlares":true,"showImageEffects":true,"showParticleSystems":true},"in2DMode":false,"pivot":{"x":394.1400146484375,"y":163.7251434326172,"z":587.4659423828125},"rotation":{"x":-0.00004634621291188523,"y":0.990077555179596,"z":-0.00030560101731680334,"w":-0.14079658687114716},"size":46.79701232910156,"orthographic":false}