{"cameraMode":{"drawMode":0,"name":"Shaded","section":"Shading Mode"},"sceneLighting":true,"audioPlay":false,"sceneViewState":{"showFog":true,"showMaterialUpdate":false,"showSkybox":true,"showFlares":true,"showImageEffects":true,"showParticleSystems":true},"in2DMode":false,"pivot":{"x":894.1388549804688,"y":892.305419921875,"z":114.06529998779297},"rotation":{"x":-0.0002645729691721499,"y":-0.9527368545532227,"z":0.000857797684147954,"w":-0.30382898449897768},"size":322.4901123046875,"orthographic":false}