{"cameraMode":{"drawMode":0,"name":"Shaded","section":"Shading Mode"},"sceneLighting":false,"audioPlay":false,"sceneViewState":{"showFog":true,"showMaterialUpdate":false,"showSkybox":false,"showFlares":true,"showImageEffects":true,"showParticleSystems":true},"in2DMode":false,"pivot":{"x":1659.884765625,"y":1058.8681640625,"z":-1465.17333984375},"rotation":{"x":-0.1105990931391716,"y":0.7273097634315491,"z":-0.12065140902996063,"w":-0.6666244268417358},"size":4.041658401489258,"orthographic":false}