{"cameraMode":{"drawMode":0,"name":"Shaded","section":"Shading Mode"},"sceneLighting":true,"audioPlay":false,"sceneViewState":{"showFog":true,"showMaterialUpdate":false,"showSkybox":true,"showFlares":true,"showImageEffects":true,"showParticleSystems":true},"in2DMode":false,"pivot":{"x":445.2593078613281,"y":2.069338083267212,"z":905.2103881835938},"rotation":{"x":-0.04931892827153206,"y":-0.7914203405380249,"z":0.06453859806060791,"w":-0.6059839725494385},"size":14.036285400390625,"orthographic":false}