{"cameraMode":{"drawMode":0,"name":"Shaded","section":"Shading Mode"},"sceneLighting":true,"audioPlay":false,"sceneViewState":{"showFog":true,"showMaterialUpdate":false,"showSkybox":true,"showFlares":true,"showImageEffects":true,"showParticleSystems":true},"in2DMode":false,"pivot":{"x":1494.5849609375,"y":1714.4127197265625,"z":-736.6351318359375},"rotation":{"x":-0.004996780771762133,"y":0.9585655331611633,"z":0.01635672338306904,"w":0.2845958471298218},"size":22.0,"orthographic":false}