{"cameraMode":{"drawMode":0,"name":"Shaded","section":"Shading Mode"},"sceneLighting":true,"audioPlay":false,"sceneViewState":{"showFog":true,"showMaterialUpdate":false,"showSkybox":true,"showFlares":true,"showImageEffects":true,"showParticleSystems":true},"in2DMode":false,"pivot":{"x":935.469970703125,"y":-71.32063293457031,"z":43.79315948486328},"rotation":{"x":0.1413296014070511,"y":0.8499895930290222,"z":-0.287209689617157,"w":0.4185747802257538},"size":465.7116394042969,"orthographic":false}