{"cameraMode":{"drawMode":0,"name":"Shaded","section":"Shading Mode"},"sceneLighting":false,"audioPlay":false,"sceneViewState":{"showFog":true,"showMaterialUpdate":false,"showSkybox":false,"showFlares":true,"showImageEffects":true,"showParticleSystems":true},"in2DMode":false,"pivot":{"x":-1158.68408203125,"y":1071.9327392578125,"z":3753.33447265625},"rotation":{"x":-0.02909930981695652,"y":-0.9549649953842163,"z":0.10006601363420487,"w":-0.27792084217071535},"size":68.5892105102539,"orthographic":false}