{"cameraMode":{"drawMode":0,"name":"Shaded","section":"Shading Mode"},"sceneLighting":false,"audioPlay":false,"sceneViewState":{"showFog":true,"showMaterialUpdate":false,"showSkybox":false,"showFlares":true,"showImageEffects":true,"showParticleSystems":true},"in2DMode":false,"pivot":{"x":420.3074035644531,"y":2.8531291484832765,"z":931.3958740234375},"rotation":{"x":0.21657299995422364,"y":0.4070940613746643,"z":-0.10010109096765518,"w":0.8817436099052429},"size":12.275409698486329,"orthographic":false}