{"cameraMode":{"drawMode":0,"name":"Shaded","section":"Shading Mode"},"sceneLighting":false,"audioPlay":false,"sceneViewState":{"showFog":true,"showMaterialUpdate":false,"showSkybox":false,"showFlares":true,"showImageEffects":true,"showParticleSystems":true},"in2DMode":false,"pivot":{"x":441.1717529296875,"y":19.054058074951173,"z":750.8729248046875},"rotation":{"x":0.024333912879228593,"y":0.452787846326828,"z":-0.012390787713229657,"w":0.8912529349327087},"size":10.250816345214844,"orthographic":false}