{"cameraMode":{"drawMode":0,"name":"Shaded","section":"Shading Mode"},"sceneLighting":true,"audioPlay":false,"sceneViewState":{"showFog":true,"showMaterialUpdate":false,"showSkybox":true,"showFlares":true,"showImageEffects":true,"showParticleSystems":true},"in2DMode":false,"pivot":{"x":444.31011962890627,"y":20.260759353637697,"z":909.555908203125},"rotation":{"x":-0.08874116837978363,"y":0.8644221425056458,"z":-0.16428102552890778,"w":-0.4669259786605835},"size":0.9276757836341858,"orthographic":false}