{"cameraMode":{"drawMode":0,"name":"Shaded","section":"Shading Mode"},"sceneLighting":false,"audioPlay":false,"sceneViewState":{"showFog":true,"showMaterialUpdate":false,"showSkybox":false,"showFlares":true,"showImageEffects":true,"showParticleSystems":true},"in2DMode":false,"pivot":{"x":445.89544677734377,"y":18.548784255981447,"z":753.9246215820313},"rotation":{"x":0.041615553200244907,"y":0.5063064694404602,"z":-0.024501411244273187,"w":0.8610550761222839},"size":10.250816345214844,"orthographic":false}