{"cameraMode":{"drawMode":0,"name":"Shaded","section":"Shading Mode"},"sceneLighting":true,"audioPlay":false,"sceneViewState":{"showFog":true,"showMaterialUpdate":false,"showSkybox":false,"showFlares":true,"showImageEffects":true,"showParticleSystems":true},"in2DMode":false,"pivot":{"x":222.39425659179688,"y":700.667236328125,"z":534.085205078125},"rotation":{"x":0.24675017595291139,"y":0.5500067472457886,"z":-0.17430952191352845,"w":0.7786235809326172},"size":114.3154067993164,"orthographic":false}