{"cameraMode":{"drawMode":0,"name":"Shaded","section":"Shading Mode"},"sceneLighting":true,"audioPlay":false,"sceneViewState":{"showFog":true,"showMaterialUpdate":false,"showSkybox":true,"showFlares":true,"showImageEffects":true,"showParticleSystems":true},"in2DMode":false,"pivot":{"x":436.447021484375,"y":17.955158233642579,"z":751.7858276367188},"rotation":{"x":0.001808036700822413,"y":0.7386569976806641,"z":0.001993237528949976,"w":-0.6741358637809753},"size":14.577691078186036,"orthographic":false}