{"cameraMode":{"drawMode":0,"name":"Shaded","section":"Shading Mode"},"sceneLighting":false,"audioPlay":false,"sceneViewState":{"showFog":true,"showMaterialUpdate":false,"showSkybox":false,"showFlares":true,"showImageEffects":true,"showParticleSystems":true},"in2DMode":false,"pivot":{"x":411.07147216796877,"y":-2.5247373580932619,"z":931.5309448242188},"rotation":{"x":-0.10903292149305344,"y":0.8551549911499023,"z":-0.20002640783786775,"w":-0.46584078669548037},"size":11.935627937316895,"orthographic":false}