{"cameraMode":{"drawMode":0,"name":"Shaded","section":"Shading Mode"},"sceneLighting":true,"audioPlay":false,"sceneViewState":{"showFog":true,"showMaterialUpdate":false,"showSkybox":true,"showFlares":true,"showImageEffects":true,"showParticleSystems":true},"in2DMode":false,"pivot":{"x":465.5254821777344,"y":0.9431803822517395,"z":959.0479125976563},"rotation":{"x":-0.11853711307048798,"y":-0.7588422298431397,"z":0.14427915215492249,"w":-0.624127984046936},"size":28.45799446105957,"orthographic":false}